{
	"op": {
		"close": 17772,
		"high": 17782,
		"low": 17608.15,
		"average": 17233.369802355825,
		"min_lp_3": 17576.099609,
		"ema_5": 17757.093333333334,
		"ema_20": 17464.136666666665,
		"rsi": 71.57133993850931,
		"hl_3": 17782,
		"trend": 17795.68888459687,
		"buy": 17664.489071431468,
		"support": 17708.555669644666,
		"sell": 17752.622267857867,
		"barish": 17636.772609375636
	},
	"in": {
		"close": 17772,
		"high": 17782,
		"low": 17608.15,
		"time": "2021-09-30T03:11:55.104519+05:30",
		"sas_symbol": "Nifty 50"
	}
}